Date,HIGH,CLOSE,LOW,OPEN,VOLUME
2018-01-02,7691.34,7648.1,7624.14,7687.77,594074021.0
2018-01-03,7689.86,7671.11,7640.53,7648.1,589343126.0
2018-01-04,7702.51,7695.88,7671.11,7671.11,727694835.0
2018-01-05,7727.73,7724.22,7689.81,7695.88,655706946.0
2018-01-08,7733.39,7696.51,7691.77,7724.22,654443820.0
2018-01-09,7733.12,7731.02,7696.5,7696.51,728225896.0
2018-01-10,7756.11,7748.51,7716.21,7731.02,885659875.0
2018-01-11,7768.96,7762.94,7734.64,7748.51,1013187398.0
2018-01-12,7792.56,7778.64,7752.63,7762.94,1166597418.0
2018-01-15,7783.61,7769.14,7763.43,7778.64,568973873.0
2018-01-16,7791.83,7755.93,7740.55,7769.14,849622518.0
2018-01-17,7755.93,7725.43,7711.11,7755.93,847946596.0
2018-01-18,7739.54,7700.96,7683.71,7725.43,789204003.0
2018-01-19,7731.82,7730.79,7694.66,7700.96,820001768.0
2018-01-22,7739.35,7715.44,7703.67,7730.79,752607750.0
2018-01-23,7745.22,7731.83,7710.03,7715.44,765381654.0
2018-01-24,7731.98,7643.43,7643.43,7731.83,769845431.0
2018-01-25,7662.35,7615.84,7608.53,7643.43,735310889.0
2018-01-26,7667.4,7665.54,7615.84,7615.84,735668910.0
2018-01-29,7689.15,7671.53,7663.93,7665.54,631880411.0
2018-01-30,7671.67,7587.98,7587.12,7671.53,823710262.0
2018-01-31,7599.01,7533.55,7521.77,7587.98,907202401.0
2018-02-01,7554.73,7490.39,7476.51,7533.55,899493882.0
2018-02-02,7494.76,7443.43,7432.25,7490.39,898529905.0
2018-02-05,7443.43,7334.98,7334.79,7443.43,916489346.0
2018-02-06,7334.98,7141.4,7079.41,7334.98,1396485635.0
2018-02-07,7311.5,7279.42,7141.4,7141.4,1059175572.0
2018-02-08,7279.42,7170.69,7161.31,7279.42,1003488772.0
2018-02-09,7170.69,7092.43,7073.03,7170.69,955732747.0
2018-02-12,7199.93,7177.06,7092.43,7092.43,737669288.0
2018-02-13,7202.99,7168.01,7165.83,7177.06,740992716.0
2018-02-14,7243.15,7213.97,7145.73,7168.01,969400185.0
2018-02-15,7267.96,7234.81,7206.69,7213.97,770033386.0
2018-02-16,7307.97,7294.7,7234.81,7234.81,671913621.0
2018-02-19,7306.21,7247.66,7239.98,7294.7,520047037.0
2018-02-20,7264.78,7246.77,7202.14,7247.66,699561383.0
2018-02-21,7291.8,7281.57,7220.55,7246.77,930796629.0
2018-02-22,7281.57,7252.39,7187.76,7281.57,952976619.0
2018-02-23,7262.05,7244.41,7220.81,7252.39,695736396.0
2018-02-26,7312.98,7289.58,7244.31,7244.41,603889206.0
2018-02-27,7326.02,7282.45,7272.87,7289.58,740357739.0
2018-02-28,7293.36,7231.91,7231.91,7282.45,948407028.0
2018-03-01,7231.91,7175.64,7153.39,7231.91,886343209.0
2018-03-02,7175.64,7069.9,7063.42,7175.64,938592315.0
2018-03-05,7119.21,7115.98,7062.13,7069.9,956922728.0
2018-03-06,7197.8,7146.75,7115.6,7115.98,810452758.0
2018-03-07,7180.71,7157.84,7109.56,7146.75,889055316.0
2018-03-08,7212.14,7203.24,7145.7,7157.84,734714911.0
2018-03-09,7225.28,7224.51,7189.74,7203.24,671255234.0
2018-03-12,7254.87,7214.76,7198.18,7224.51,631268373.0
2018-03-13,7224.13,7138.78,7125.6,7214.76,790450622.0
2018-03-14,7176.51,7132.69,7122.76,7138.78,775436667.0
2018-03-15,7162.58,7139.76,7127.08,7132.69,833052303.0
2018-03-16,7187.27,7164.14,7131.31,7139.76,1423362340.0
2018-03-19,7164.19,7042.93,7034.91,7164.14,750734799.0
2018-03-20,7081.5,7061.27,7042.6,7042.93,764834536.0
2018-03-21,7065.66,7038.97,7016.79,7061.27,785548536.0
2018-03-22,7038.97,6952.59,6914.45,7038.97,887617115.0
2018-03-23,6952.82,6921.94,6876.96,6952.59,906202449.0
2018-03-26,6958.47,6888.69,6866.94,6921.94,788728638.0
2018-03-27,7042.37,7000.14,6888.69,6888.69,712082418.0
2018-03-28,7044.74,7044.74,6923.33,7000.14,785934492.0
2018-03-29,7109.93,7056.61,7042.73,7044.74,900253469.0
2018-04-03,7064.98,7030.46,6996.76,7056.61,814724089.0
2018-04-04,7046.26,7034.01,6971.75,7030.46,818646763.0
2018-04-05,7199.5,7199.5,7034.01,7034.01,819216951.0
2018-04-06,7214.02,7183.64,7163.11,7199.5,676285848.0
2018-04-09,7209.68,7194.75,7145.57,7183.64,691577094.0
2018-04-10,7266.75,7266.75,7194.75,7194.75,778174101.0
2018-04-11,7270.28,7257.14,7243.32,7266.75,789648702.0
2018-04-12,7266.64,7258.34,7240.76,7257.14,687145374.0
2018-04-13,7274.99,7264.56,7249.07,7258.34,677122380.0
2018-04-16,7265.83,7198.2,7195.46,7264.56,889304643.0
2018-04-17,7240.41,7226.05,7189.85,7198.2,735878723.0
2018-04-18,7325.59,7317.34,7226.05,7226.05,904180113.0
2018-04-19,7340.73,7328.92,7309.42,7317.34,811855739.0
2018-04-20,7368.17,7368.17,7323.31,7328.92,792272168.0
2018-04-23,7404.11,7398.87,7359.73,7368.17,799460885.0
2018-04-24,7439.58,7425.4,7397.29,7398.87,862029530.0
2018-04-25,7427.13,7379.32,7334.64,7425.4,906769441.0
2018-04-26,7421.43,7421.43,7355.0,7379.32,839861446.0
2018-04-27,7507.12,7502.21,7421.28,7421.43,773111400.0
2018-04-30,7546.16,7509.3,7497.11,7502.21,1021590579.0
2018-05-01,7549.07,7520.36,7506.57,7509.3,584612405.0
2018-05-02,7572.98,7543.2,7519.62,7520.36,855113916.0
2018-05-03,7555.18,7502.69,7492.39,7543.2,745257393.0
2018-05-04,7570.22,7567.14,7502.69,7502.69,886343875.0
2018-05-08,7598.51,7565.75,7550.44,7567.14,896880840.0
2018-05-09,7662.52,7662.52,7565.75,7565.75,918676370.0
2018-05-10,7706.87,7700.97,7631.58,7662.52,901481607.0
2018-05-11,7728.89,7724.55,7691.69,7700.97,754160593.0
2018-05-14,7727.96,7710.98,7688.57,7724.55,772861098.0
2018-05-15,7752.02,7722.98,7687.49,7710.98,1059252020.0
2018-05-16,7745.53,7734.2,7717.76,7722.98,959897513.0
2018-05-17,7788.23,7787.97,7713.85,7734.2,802617950.0
2018-05-18,7791.41,7778.79,7753.27,7787.97,927550634.0
2018-05-21,7868.12,7859.17,7778.12,7778.79,713102174.0
2018-05-22,7903.5,7877.45,7854.58,7859.17,829869433.0
2018-05-23,7877.45,7788.44,7765.32,7877.45,944432318.0
2018-05-24,7803.45,7716.74,7716.74,7788.44,917816294.0
2018-05-25,7753.32,7730.28,7703.26,7716.74,852467764.0
2018-05-29,7730.28,7632.64,7610.66,7730.28,1328274868.0
2018-05-30,7689.57,7689.57,7618.12,7632.64,950541840.0
2018-05-31,7727.45,7678.2,7651.12,7689.57,1590462642.0
2018-06-01,7746.73,7701.77,7678.2,7678.2,807698690.0
2018-06-04,7772.12,7741.29,7701.7,7701.77,743520614.0
2018-06-05,7744.46,7686.8,7686.61,7741.29,962540530.0
2018-06-06,7730.48,7712.37,7671.62,7686.8,909671775.0
2018-06-07,7756.66,7704.4,7698.15,7712.37,1087760918.0
2018-06-08,7714.32,7681.07,7637.52,7704.4,778849254.0
2018-06-11,7756.02,7737.43,7681.07,7681.07,758832536.0
2018-06-12,7762.77,7703.81,7701.33,7737.43,797693428.0
2018-06-13,7746.7,7703.71,7677.17,7703.81,877975638.0
2018-06-14,7793.45,7765.79,7650.16,7703.71,1151057411.0
2018-06-15,7781.0,7633.91,7633.91,7765.79,1759665860.0
2018-06-18,7645.47,7631.33,7601.6,7633.91,683907827.0
2018-06-19,7631.33,7603.85,7548.84,7631.33,921286001.0
2018-06-20,7705.2,7627.4,7603.85,7603.85,870098475.0
2018-06-21,7670.78,7556.44,7548.12,7627.4,801610637.0
2018-06-22,7689.44,7682.27,7556.2,7556.44,738420019.0
2018-06-25,7682.27,7509.84,7508.32,7682.27,815818048.0
2018-06-26,7564.05,7537.92,7509.84,7509.84,1121747460.0
2018-06-27,7633.92,7621.69,7512.03,7537.92,1694456818.0
2018-06-28,7632.17,7615.63,7576.01,7621.69,815214548.0
2018-06-29,7706.64,7636.93,7615.63,7615.63,926725305.0
2018-07-02,7636.93,7547.85,7540.71,7636.93,802387502.0
2018-07-03,7632.12,7593.29,7544.98,7547.85,1047370973.0
2018-07-04,7593.29,7573.09,7560.81,7593.29,591916704.0
2018-07-05,7624.82,7603.22,7572.69,7573.09,631115172.0
2018-07-06,7631.19,7617.7,7569.7,7603.22,683995184.0
2018-07-09,7697.46,7687.99,7617.7,7617.7,697512212.0
2018-07-10,7715.07,7692.04,7677.06,7687.99,723207410.0
2018-07-11,7692.04,7591.96,7578.18,7692.04,816815323.0
2018-07-12,7662.96,7651.33,7591.96,7591.96,769257792.0
2018-07-13,7716.24,7661.87,7651.33,7651.33,592165960.0
2018-07-16,7667.71,7600.45,7564.96,7661.87,608961784.0
2018-07-17,7641.1,7626.33,7581.83,7600.45,746767892.0
2018-07-18,7685.68,7676.28,7625.75,7626.33,671520655.0
2018-07-19,7702.85,7683.97,7660.02,7676.28,716900611.0
2018-07-20,7705.8,7678.79,7631.66,7683.97,706245474.0
2018-07-23,7678.79,7655.79,7621.75,7678.79,591246103.0
2018-07-24,7740.64,7709.05,7648.59,7655.79,878892992.0
2018-07-25,7710.25,7658.26,7640.59,7709.05,698477757.0
2018-07-26,7684.72,7663.17,7640.94,7658.26,607061644.0
2018-07-27,7717.22,7701.31,7663.16,7663.17,788377041.0
2018-07-30,7718.06,7700.85,7659.91,7701.31,755658294.0
2018-07-31,7782.9,7748.76,7695.76,7700.85,943372968.0
2018-08-01,7751.1,7652.91,7634.66,7748.76,1005161758.0
2018-08-02,7652.91,7575.93,7549.34,7652.91,1036594424.0
2018-08-03,7665.16,7659.1,7575.93,7575.93,670044690.0
2018-08-06,7681.86,7663.78,7636.6,7659.1,838434151.0
2018-08-07,7752.08,7718.48,7663.2,7663.78,696336426.0
2018-08-08,7790.17,7776.65,7707.3,7718.48,621147673.0
2018-08-09,7776.77,7741.77,7714.52,7776.65,582943123.0
2018-08-10,7741.77,7667.01,7657.72,7741.77,684692512.0
2018-08-13,7667.33,7642.45,7614.48,7667.01,612151407.0
2018-08-14,7665.24,7611.64,7599.66,7642.45,787259631.0
2018-08-15,7632.07,7497.87,7477.05,7611.64,994264517.0
2018-08-16,7565.18,7556.38,7497.87,7497.87,795282025.0
2018-08-17,7577.68,7558.59,7514.26,7556.38,621371850.0
2018-08-20,7616.15,7591.26,7558.59,7558.59,576837161.0
2018-08-21,7601.65,7565.7,7557.34,7591.26,560354266.0
2018-08-22,7607.23,7574.24,7531.24,7565.7,630164148.0
2018-08-23,7602.1,7563.22,7560.85,7574.24,592639461.0
2018-08-24,7587.19,7577.49,7557.67,7563.22,523574196.0
2018-08-28,7636.72,7617.22,7577.49,7577.49,603829649.0
2018-08-29,7635.74,7563.21,7545.08,7617.22,709977079.0
2018-08-30,7563.21,7516.03,7497.54,7563.21,642439217.0
2018-08-31,7516.46,7432.42,7428.67,7516.03,838070964.0
2018-09-03,7516.06,7504.6,7432.18,7432.42,468853966.0
2018-09-04,7535.12,7457.86,7437.65,7504.6,672992938.0
2018-09-05,7457.86,7383.28,7357.98,7457.86,792988020.0
2018-09-06,7397.74,7318.96,7313.12,7383.28,743687603.0
2018-09-07,7328.3,7277.7,7227.07,7318.96,889092845.0
2018-09-10,7307.85,7279.3,7256.51,7277.7,717857273.0
2018-09-11,7280.48,7273.54,7220.5,7279.3,664032987.0
2018-09-12,7325.25,7313.36,7250.84,7273.54,698106093.0
2018-09-13,7319.57,7281.57,7275.14,7313.36,681149000.0
2018-09-14,7323.83,7304.04,7281.57,7281.57,595139685.0
2018-09-17,7318.77,7302.1,7267.83,7304.04,640194286.0
2018-09-18,7320.07,7300.23,7281.98,7302.1,722027026.0
2018-09-19,7346.11,7331.12,7279.92,7300.23,785947771.0
2018-09-20,7368.43,7367.32,7324.01,7331.12,891660281.0
2018-09-21,7495.26,7490.23,7367.32,7367.32,1546053481.0
2018-09-24,7491.25,7458.41,7450.53,7490.23,710211902.0
2018-09-25,7515.94,7507.56,7455.22,7458.41,791696287.0
2018-09-26,7522.06,7511.49,7490.2,7507.56,693147936.0
2018-09-27,7552.02,7545.44,7490.94,7511.49,666220644.0
2018-09-28,7548.36,7510.2,7474.67,7545.44,943919926.0
2018-10-01,7526.2,7495.67,7466.67,7510.2,746176474.0
2018-10-02,7495.67,7474.55,7444.8,7495.67,843121124.0
2018-10-03,7524.06,7510.28,7474.55,7474.55,849116421.0
2018-10-04,7510.28,7418.34,7411.31,7510.28,826757795.0
2018-10-05,7421.12,7318.54,7318.54,7418.34,758627468.0
2018-10-08,7319.84,7233.33,7233.33,7318.54,695798253.0
2018-10-09,7247.64,7237.59,7184.28,7233.33,789687390.0
2018-10-10,7242.31,7145.74,7145.74,7237.59,1061151712.0
2018-10-11,7145.74,7006.93,6998.02,7145.74,1207413592.0
2018-10-12,7073.99,6995.91,6994.78,7006.93,903684601.0
2018-10-15,7038.23,7029.22,6961.28,6995.91,674955836.0
2018-10-16,7062.08,7059.4,6998.93,7029.22,786098668.0
2018-10-17,7089.03,7054.6,7019.41,7059.4,707144669.0
2018-10-18,7078.76,7026.99,7026.74,7054.6,692857740.0
2018-10-19,7070.38,7049.8,7012.56,7026.99,800350225.0
2018-10-22,7114.12,7042.8,7042.05,7049.8,806699274.0
2018-10-23,7042.8,6955.21,6928.65,7042.8,1013695957.0
2018-10-24,7049.83,6962.98,6955.21,6955.21,797994797.0
2018-10-25,7004.1,7004.1,6885.99,6962.98,853929917.0
2018-10-26,7004.16,6939.56,6851.59,7004.1,803058036.0
2018-10-29,7085.88,7026.32,6939.56,6939.56,804705025.0
2018-10-30,7060.06,7035.85,6983.68,7026.32,774722572.0
2018-10-31,7161.54,7128.1,7035.85,7035.85,923076265.0
2018-11-01,7165.61,7114.66,7085.74,7128.1,1055605678.0
2018-11-02,7196.39,7094.12,7094.12,7114.66,824954050.0
2018-11-05,7140.37,7103.84,7077.4,7094.12,570488888.0
2018-11-06,7117.5,7040.68,7027.45,7103.84,666516755.0
2018-11-07,7136.75,7117.28,7040.68,7040.68,698975137.0
2018-11-08,7171.69,7140.68,7115.01,7117.28,697797876.0
2018-11-09,7140.68,7105.34,7070.8,7140.68,672889477.0
2018-11-12,7186.31,7053.08,7053.08,7105.34,730617323.0
2018-11-13,7103.97,7053.76,7016.64,7053.08,1081236883.0
2018-11-14,7113.59,7033.79,6979.68,7053.76,953794875.0
2018-11-15,7081.88,7038.01,6979.57,7033.79,1291385722.0
2018-11-16,7092.44,7013.88,6968.99,7038.01,1041274060.0
2018-11-19,7070.46,7000.89,6997.83,7013.88,800444797.0
2018-11-20,7010.1,6947.92,6904.21,7000.89,851708112.0
2018-11-21,7058.56,7050.23,6947.92,6947.92,864500141.0
2018-11-22,7050.43,6960.32,6944.95,7050.23,786804280.0
2018-11-23,6987.53,6952.86,6912.3,6960.32,707656548.0
2018-11-26,7050.96,7036.0,6952.86,6952.86,826828775.0
2018-11-27,7043.7,7016.85,6983.98,7036.0,855618530.0
2018-11-28,7057.03,7004.52,6987.25,7016.85,825361062.0
2018-11-29,7078.37,7038.95,7004.52,7004.52,797791059.0
2018-11-30,7042.07,6980.24,6965.6,7038.95,1223617539.0
2018-12-03,7145.49,7062.41,6980.24,6980.24,891138437.0
2018-12-04,7095.01,7022.76,7002.71,7062.41,844627178.0
2018-12-05,7028.65,6921.84,6921.84,7022.76,813441273.0
2018-12-06,6921.84,6704.05,6673.57,6921.84,1061590325.0
2018-12-07,6868.27,6778.11,6704.05,6704.05,845318439.0
2018-12-10,6815.84,6721.54,6719.17,6778.11,891072261.0
2018-12-11,6857.58,6806.94,6721.54,6721.54,867256168.0
2018-12-12,6902.19,6880.19,6806.94,6806.94,1096442579.0
2018-12-13,6908.48,6877.5,6848.98,6880.19,757823815.0
2018-12-14,6877.5,6845.17,6788.65,6877.5,736013811.0
2018-12-17,6845.17,6773.24,6761.38,6845.17,734719128.0
2018-12-18,6773.24,6701.59,6701.59,6773.24,880780791.0
2018-12-19,6785.16,6765.94,6698.15,6701.59,777371019.0
2018-12-20,6765.94,6711.93,6646.45,6765.94,929565975.0
2018-12-21,6733.0,6721.17,6653.65,6711.93,1645487195.0
2018-12-24,6721.17,6685.99,6661.04,6721.17,198771058.0
2018-12-27,6728.49,6584.68,6536.53,6685.99,608362624.0
2018-12-28,6742.48,6733.97,6584.68,6584.68,515161090.0
2018-12-31,6752.54,6728.13,6718.32,6733.97,232272148.0
2019-01-02,6753.29,6734.23,6599.48,6728.13,633238803.0
2019-01-03,6753.14,6692.66,6685.09,6734.23,694915558.0
2019-01-04,6850.37,6837.42,6692.5,6692.66,658877174.0
2019-01-07,6874.11,6810.88,6778.01,6837.42,759325550.0
2019-01-08,6901.48,6861.6,6804.89,6810.88,672103788.0
2019-01-09,6938.31,6906.63,6861.6,6861.6,887285539.0
2019-01-10,6948.18,6942.87,6860.82,6906.63,630318165.0
2019-01-11,7001.94,6918.18,6902.65,6942.87,701508800.0
2019-01-14,6918.21,6855.02,6841.74,6918.18,704572792.0
2019-01-15,6910.45,6895.02,6849.63,6855.02,708580781.0
2019-01-16,6912.44,6862.68,6848.57,6895.02,811964154.0
2019-01-17,6862.68,6834.92,6799.03,6862.68,600656154.0
2019-01-18,6984.36,6968.33,6834.92,6834.92,820332158.0
2019-01-21,6987.93,6970.59,6954.52,6968.33,488777584.0
2019-01-22,6970.59,6901.39,6880.69,6970.59,583455490.0
2019-01-23,6901.63,6842.88,6834.3,6901.39,666005477.0
2019-01-24,6854.59,6818.95,6802.03,6842.88,618514472.0
2019-01-25,6858.19,6809.22,6806.77,6818.95,749987549.0
2019-01-28,6812.53,6747.1,6734.0,6809.22,668240099.0
2019-01-29,6860.34,6833.93,6747.1,6747.1,718587358.0
2019-01-30,6967.7,6941.63,6833.93,6833.93,771896073.0
2019-01-31,6994.88,6968.85,6941.09,6941.63,893085140.0
2019-02-01,7024.45,7020.22,6968.85,6968.85,645346711.0
2019-02-04,7046.58,7034.13,7002.42,7020.22,630897392.0
2019-02-05,7180.71,7177.37,7033.57,7034.13,683459037.0
2019-02-06,7184.22,7173.09,7146.65,7177.37,617998954.0
2019-02-07,7187.51,7093.58,7093.58,7173.09,669716617.0
2019-02-08,7115.83,7071.18,7064.9,7093.58,548728526.0
2019-02-11,7149.23,7129.11,7071.18,7071.18,565260370.0
2019-02-12,7168.61,7133.14,7121.72,7129.11,542967105.0
2019-02-13,7205.07,7190.84,7133.14,7133.14,578837218.0
2019-02-14,7232.83,7197.01,7183.01,7190.84,535039615.0
2019-02-15,7261.63,7236.68,7185.23,7197.01,709696783.0
2019-02-18,7242.09,7219.47,7209.7,7236.68,453428010.0
2019-02-19,7219.53,7179.17,7162.8,7219.47,643407909.0
2019-02-20,7234.16,7228.62,7177.95,7179.17,887890682.0
2019-02-21,7228.78,7167.39,7141.85,7228.62,822590542.0
2019-02-22,7220.52,7178.6,7162.37,7167.39,666717987.0
2019-02-25,7210.7,7183.74,7158.19,7178.6,664869298.0
2019-02-26,7183.79,7151.12,7091.59,7183.74,892461935.0
2019-02-27,7151.12,7107.2,7082.62,7151.12,897618255.0
2019-02-28,7107.2,7074.73,7041.03,7107.2,1009914307.0
2019-03-01,7129.72,7106.73,7074.73,7074.73,722484079.0
2019-03-04,7166.19,7134.39,7106.73,7106.73,654229349.0
2019-03-05,7191.65,7183.43,7127.18,7134.39,819863699.0
2019-03-06,7211.83,7196.0,7170.25,7183.43,816150418.0
2019-03-07,7196.0,7157.55,7126.57,7196.0,712683093.0
2019-03-08,7157.55,7104.31,7077.93,7157.55,640778734.0
2019-03-11,7181.61,7130.62,7104.31,7104.31,695138546.0
2019-03-12,7166.55,7151.15,7083.22,7130.62,775288854.0
2019-03-13,7181.85,7159.19,7128.71,7151.15,767649661.0
2019-03-14,7215.45,7185.43,7148.08,7159.19,815713928.0
2019-03-15,7243.8,7228.28,7185.43,7185.43,1377008877.0
2019-03-18,7299.19,7299.19,7228.19,7228.28,662827740.0
2019-03-19,7350.1,7324.0,7294.5,7299.19,617238486.0
2019-03-20,7341.57,7291.01,7291.01,7324.0,771730059.0
2019-03-21,7370.61,7355.31,7290.62,7291.01,731350460.0
2019-03-22,7356.37,7207.59,7192.76,7355.31,716212774.0
2019-03-25,7208.09,7177.58,7146.83,7207.59,604278362.0
2019-03-26,7221.02,7196.29,7169.37,7177.58,649061659.0
2019-03-27,7222.64,7194.19,7160.14,7196.29,699733052.0
2019-03-28,7265.47,7234.33,7190.87,7194.19,585601167.0
2019-03-29,7287.72,7279.19,7223.3,7234.33,818953110.0
2019-04-01,7352.15,7317.38,7279.19,7279.19,718288270.0
2019-04-02,7403.56,7391.12,7316.81,7317.38,742819534.0
2019-04-03,7418.31,7418.28,7380.93,7391.12,908002791.0
2019-04-04,7418.43,7401.94,7367.44,7418.28,696556190.0
2019-04-05,7461.39,7446.87,7400.79,7401.94,700982283.0
2019-04-08,7459.93,7451.89,7420.41,7446.87,588836330.0
2019-04-09,7477.62,7425.57,7413.27,7451.89,672460842.0
2019-04-10,7441.36,7421.91,7409.39,7425.57,587361916.0
2019-04-11,7441.89,7417.95,7383.47,7421.91,649073620.0
2019-04-12,7454.78,7437.06,7415.0,7417.95,718442635.0
2019-04-15,7447.08,7436.87,7420.27,7437.06,527422147.0
2019-04-16,7485.93,7469.92,7436.87,7436.87,642946592.0
2019-04-17,7478.95,7471.32,7445.12,7469.92,665164439.0
2019-04-18,7475.91,7459.88,7437.87,7471.32,536598736.0
2019-04-23,7528.93,7523.07,7459.88,7459.88,795956762.0
2019-04-24,7523.79,7471.75,7456.74,7523.07,703753552.0
2019-04-25,7473.32,7434.13,7405.99,7471.75,695234612.0
2019-04-26,7442.21,7428.19,7398.57,7434.13,865748675.0
2019-04-29,7456.49,7440.66,7406.53,7428.19,506408973.0
2019-04-30,7451.32,7418.22,7394.07,7440.66,774315726.0
2019-05-01,7446.46,7385.26,7379.65,7418.22,347127390.0
2019-05-02,7393.94,7351.31,7339.45,7385.26,637484758.0
2019-05-03,7418.17,7380.64,7350.01,7351.31,476579512.0
2019-05-07,7380.64,7260.47,7251.03,7380.64,907818094.0
2019-05-08,7278.26,7271.0,7222.88,7260.47,834236574.0
2019-05-09,7271.0,7207.41,7192.18,7271.0,880877800.0
2019-05-10,7268.17,7203.29,7189.88,7207.41,637286197.0
2019-05-13,7217.12,7163.68,7150.89,7203.29,797464382.0
2019-05-14,7241.6,7241.6,7163.68,7163.68,743857988.0
2019-05-15,7303.73,7296.95,7223.08,7241.6,834953428.0
2019-05-16,7353.51,7353.51,7265.77,7296.95,676255211.0
2019-05-17,7354.22,7348.62,7307.33,7353.51,763920366.0
2019-05-20,7360.34,7310.88,7268.63,7348.62,755116710.0
2019-05-21,7370.02,7328.92,7310.88,7310.88,772495489.0
2019-05-22,7373.27,7334.19,7313.55,7328.92,825715050.0
2019-05-23,7334.19,7231.04,7211.33,7334.19,819665015.0
2019-05-24,7303.04,7277.73,7231.01,7231.04,653146230.0
2019-05-28,7314.85,7268.95,7262.8,7277.73,1190892706.0
2019-05-29,7268.95,7185.3,7151.37,7268.95,673069213.0
2019-05-30,7236.68,7218.16,7180.57,7185.3,658193314.0
2019-05-31,7218.16,7161.71,7130.85,7218.16,870739049.0
2019-06-03,7186.71,7184.8,7079.71,7161.71,733566176.0
2019-06-04,7223.96,7214.29,7138.14,7184.8,855199434.0
2019-06-05,7259.24,7220.22,7201.36,7216.74,768034027.0
2019-06-06,7275.66,7259.85,7218.67,7220.22,640475058.0
2019-06-07,7347.41,7331.94,7258.16,7259.85,610881568.0
2019-06-10,7380.14,7375.54,7331.94,7331.94,460892434.0
2019-06-11,7420.73,7398.45,7375.54,7375.54,690483794.0
2019-06-12,7398.45,7367.62,7329.26,7398.45,824870758.0
2019-06-13,7398.61,7368.57,7350.98,7367.62,627574832.0
2019-06-14,7368.8,7345.78,7316.44,7368.57,629604485.0
2019-06-17,7370.7,7357.31,7324.54,7345.78,548163206.0
2019-06-18,7469.19,7443.04,7345.55,7357.31,823673780.0
2019-06-19,7454.93,7403.54,7399.17,7443.04,774628788.0
2019-06-20,7460.83,7424.44,7403.54,7403.54,698663194.0
2019-06-21,7456.79,7407.5,7382.94,7424.44,1492134754.0
2019-06-24,7435.54,7416.69,7399.56,7407.5,646876295.0
2019-06-25,7429.72,7422.43,7373.22,7416.69,626134298.0
2019-06-26,7435.9,7416.39,7405.54,7422.43,673946474.0
2019-06-27,7439.43,7402.33,7375.51,7416.39,665859208.0
2019-06-28,7436.18,7425.63,7398.92,7402.33,730442352.0
2019-07-01,7530.24,7497.5,7425.63,7425.63,654272641.0
2019-07-02,7565.27,7559.19,7497.5,7497.5,573571733.0
2019-07-03,7621.02,7609.32,7558.47,7559.19,703624225.0
2019-07-04,7622.58,7603.58,7601.33,7609.32,502800321.0
2019-07-05,7603.61,7553.14,7541.86,7603.58,537933392.0
2019-07-08,7571.34,7549.27,7538.67,7553.14,554945493.0
2019-07-09,7553.3,7536.47,7517.94,7549.27,559716526.0
2019-07-10,7559.12,7530.69,7515.61,7536.47,559057630.0
2019-07-11,7558.34,7509.82,7501.66,7530.69,611473586.0
2019-07-12,7537.1,7505.97,7493.8,7509.82,516635224.0
2019-07-15,7548.33,7531.72,7487.44,7505.97,497439519.0
2019-07-16,7590.07,7577.2,7524.52,7531.72,625955191.0
2019-07-17,7577.2,7535.46,7519.22,7577.2,594486785.0
2019-07-18,7535.46,7493.09,7482.6,7535.46,519625885.0
2019-07-19,7546.65,7508.7,7475.49,7493.09,593415661.0
2019-07-22,7549.71,7514.93,7491.79,7508.7,528992513.0
2019-07-23,7598.6,7556.86,7514.93,7514.93,654558034.0
2019-07-24,7558.01,7501.46,7479.07,7556.86,657124897.0
2019-07-25,7542.64,7489.05,7462.73,7501.46,651311873.0
2019-07-26,7553.55,7549.06,7486.74,7489.05,799735117.0
2019-07-29,7711.34,7686.61,7548.86,7549.06,782737598.0
2019-07-30,7727.49,7646.77,7643.65,7686.61,847754459.0
2019-07-31,7648.2,7586.78,7576.12,7646.77,1126476438.0
2019-08-01,7609.98,7584.87,7535.9,7586.78,843104079.0
2019-08-02,7585.24,7407.06,7397.91,7584.87,1063493292.0
2019-08-05,7407.06,7223.85,7200.54,7407.06,1281939423.0
2019-08-06,7241.57,7171.69,7166.98,7223.85,816231262.0
2019-08-07,7237.88,7198.7,7153.89,7171.69,758261532.0
2019-08-08,7285.9,7285.9,7191.25,7198.7,748508573.0
2019-08-09,7297.28,7253.85,7237.13,7285.9,819383696.0
2019-08-12,7305.56,7226.72,7207.46,7253.85,585459275.0
2019-08-13,7281.14,7250.9,7166.86,7226.72,698402873.0
2019-08-14,7268.73,7147.88,7112.05,7250.9,811515307.0
2019-08-15,7148.75,7067.01,7020.22,7147.88,806736314.0
2019-08-16,7125.9,7117.15,7067.01,7067.01,651941243.0
2019-08-19,7214.23,7189.65,7117.15,7117.15,612861690.0
2019-08-20,7231.65,7125.0,7121.24,7189.65,766068094.0
2019-08-21,7215.53,7203.97,7122.12,7125.0,604698592.0
2019-08-22,7203.97,7128.18,7103.67,7203.97,653342498.0
2019-08-23,7188.59,7094.98,7094.98,7128.18,643002168.0
2019-08-27,7110.76,7089.58,7044.73,7094.98,851389645.0
2019-08-28,7131.21,7114.71,7050.0,7089.58,675631283.0
2019-08-29,7199.2,7184.32,7103.12,7114.71,635671680.0
2019-08-30,7240.37,7207.18,7179.7,7184.32,727844565.0
2019-09-02,7315.26,7281.94,7206.9,7207.18,497750652.0
2019-09-03,7301.47,7268.19,7239.1,7281.94,626093167.0
2019-09-04,7334.55,7311.26,7268.19,7268.19,677428805.0
2019-09-05,7330.71,7271.17,7250.63,7311.26,711300212.0
2019-09-06,7284.11,7282.34,7244.13,7271.17,692283720.0
2019-09-09,7325.21,7235.81,7205.98,7282.34,794826207.0
2019-09-10,7270.5,7267.95,7199.4,7235.81,1031538694.0
2019-09-11,7346.71,7338.03,7267.95,7267.95,829117500.0
2019-09-12,7369.34,7344.67,7303.17,7338.03,725257584.0
2019-09-13,7380.29,7367.46,7318.23,7344.67,1003815587.0
2019-09-16,7378.32,7321.41,7321.41,7367.46,908260534.0
2019-09-17,7350.24,7320.4,7292.23,7321.41,698417842.0
2019-09-18,7350.52,7314.05,7300.37,7320.4,642712940.0
2019-09-19,7373.08,7356.42,7290.69,7314.05,632737067.0
2019-09-20,7376.31,7344.92,7322.01,7356.42,1656285064.0
2019-09-23,7362.3,7326.08,7284.75,7344.92,489651958.0
2019-09-24,7348.97,7291.43,7281.91,7326.08,588770047.0
2019-09-25,7292.0,7289.99,7212.96,7291.43,704551473.0
2019-09-26,7387.09,7351.08,7277.15,7289.99,704706122.0
2019-09-27,7440.77,7426.21,7351.0,7351.08,583853917.0
2019-09-30,7439.62,7408.21,7402.2,7426.21,655552511.0
2019-10-01,7433.24,7360.32,7352.83,7408.21,734561375.0
2019-10-02,7360.32,7122.54,7119.72,7360.32,747795032.0
2019-10-03,7129.02,7077.64,7004.43,7122.54,635547565.0
2019-10-04,7157.75,7155.38,7077.4,7077.64,588775714.0
2019-10-07,7206.89,7197.88,7132.98,7155.38,551391328.0
2019-10-08,7223.86,7143.15,7143.15,7197.88,691679891.0
2019-10-09,7196.41,7166.5,7139.9,7143.15,582022728.0
2019-10-10,7212.9,7186.36,7130.52,7166.5,700020416.0
2019-10-11,7250.09,7247.08,7144.66,7186.36,1507688672.0
2019-10-14,7251.8,7213.45,7194.21,7247.08,780571045.0
2019-10-15,7242.37,7211.64,7176.67,7213.45,1123675810.0
2019-10-16,7217.63,7167.95,7149.84,7211.64,1000479693.0
2019-10-17,7237.78,7182.32,7162.04,7167.95,1126092560.0
2019-10-18,7197.14,7150.57,7146.11,7182.32,869341790.0
2019-10-21,7197.53,7163.64,7139.38,7150.57,853627897.0
2019-10-22,7230.17,7212.49,7146.69,7163.64,800693809.0
2019-10-23,7265.86,7260.74,7194.13,7212.49,764417605.0
2019-10-24,7338.87,7328.25,7255.46,7260.74,733230019.0
2019-10-25,7331.17,7324.47,7279.78,7328.25,580302191.0
2019-10-28,7346.92,7331.28,7291.59,7324.47,676034813.0
2019-10-29,7335.73,7306.26,7264.74,7331.28,710017567.0
2019-10-30,7334.04,7330.78,7278.18,7306.26,672188275.0
2019-10-31,7335.16,7248.38,7245.23,7330.78,847653121.0
2019-11-01,7307.18,7302.42,7248.38,7248.38,582076501.0
2019-11-04,7392.73,7369.69,7302.42,7302.42,582159423.0
2019-11-05,7402.79,7388.08,7369.61,7369.69,673185929.0
2019-11-06,7398.78,7396.65,7363.55,7388.08,601833538.0
2019-11-07,7431.94,7406.41,7396.0,7396.65,668252688.0
2019-11-08,7406.83,7359.38,7349.12,7406.41,535070096.0
2019-11-11,7359.38,7328.54,7258.46,7359.38,821774191.0
2019-11-12,7390.0,7365.44,7328.18,7328.54,738716812.0
2019-11-13,7365.44,7351.21,7301.71,7365.44,694520375.0
2019-11-14,7351.28,7292.76,7292.76,7351.21,675223943.0
2019-11-15,7335.55,7302.94,7243.15,7292.76,770471544.0
2019-11-18,7335.36,7307.7,7293.4,7302.94,764232766.0
2019-11-19,7404.47,7323.8,7307.7,7307.7,605670224.0
2019-11-20,7323.8,7262.49,7219.11,7323.8,814228910.0
2019-11-21,7262.49,7238.55,7197.33,7262.49,608180417.0
2019-11-22,7343.26,7326.81,7238.47,7238.55,611239294.0
2019-11-25,7401.78,7396.29,7326.81,7326.81,570976779.0
2019-11-26,7421.3,7403.14,7384.96,7396.29,1054213367.0
2019-11-27,7446.0,7429.78,7400.38,7403.14,625047081.0
2019-11-28,7429.78,7416.43,7385.32,7429.78,605361995.0
2019-11-29,7421.4,7346.53,7346.53,7416.43,627329194.0
2019-12-02,7400.27,7285.94,7277.02,7346.53,924426910.0
2019-12-03,7285.94,7158.76,7134.93,7285.94,822938802.0
2019-12-04,7190.04,7188.5,7139.91,7158.76,688009230.0
2019-12-05,7194.78,7137.85,7131.16,7188.5,650614173.0
2019-12-06,7241.5,7239.66,7137.85,7137.85,516371641.0
2019-12-09,7255.73,7233.9,7217.8,7239.66,619393866.0
2019-12-10,7234.4,7213.76,7137.84,7233.9,703524872.0
2019-12-11,7250.67,7216.25,7195.49,7213.76,820829130.0
2019-12-12,7307.36,7273.47,7216.08,7216.25,727080174.0
2019-12-13,7429.04,7353.44,7223.42,7273.47,1906667651.0
2019-12-16,7552.65,7519.05,7353.18,7353.44,1045285476.0
2019-12-17,7537.66,7525.28,7497.15,7519.05,1095871363.0
2019-12-18,7557.05,7540.75,7515.17,7525.28,679282180.0
2019-12-19,7575.9,7573.82,7526.1,7540.75,661075649.0
2019-12-20,7599.52,7582.48,7564.59,7573.82,1159721321.0
2019-12-23,7628.2,7623.59,7559.63,7582.48,539142124.0
2019-12-24,7636.16,7632.24,7608.22,7623.59,185671591.0
2019-12-27,7665.4,7644.9,7622.46,7632.24,311114213.0
2019-12-30,7644.9,7587.05,7587.05,7644.9,304244590.0
2019-12-31,7587.41,7542.44,7532.38,7587.05,212142232.0
2020-01-02,7624.78,7604.3,7542.44,7542.44,482205868.0
2020-01-03,7626.41,7622.4,7551.0,7604.3,449686232.0
2020-01-06,7622.4,7575.34,7528.08,7622.4,516783356.0
2020-01-07,7604.59,7573.85,7562.14,7575.34,511563578.0
2020-01-08,7579.48,7574.93,7524.96,7573.85,606222153.0
2020-01-09,7627.76,7598.12,7574.93,7574.93,652917797.0
2020-01-10,7631.96,7587.85,7585.07,7598.12,651313627.0
2020-01-13,7635.77,7617.6,7582.51,7587.85,657725914.0
2020-01-14,7650.69,7622.35,7588.81,7617.6,697645310.0
2020-01-15,7642.8,7642.8,7609.44,7622.35,730568552.0
2020-01-16,7653.58,7609.81,7595.31,7642.8,573560464.0
2020-01-17,7689.67,7674.56,7609.81,7609.81,631969164.0
2020-01-20,7682.77,7651.44,7639.62,7674.56,358974308.0
2020-01-21,7651.44,7610.7,7550.47,7651.44,656514061.0
2020-01-22,7637.35,7571.92,7563.52,7610.7,604630870.0
2020-01-23,7572.13,7507.67,7503.17,7571.92,668611101.0
2020-01-24,7642.21,7585.98,7507.59,7507.67,605754677.0
2020-01-27,7585.98,7412.05,7392.83,7585.98,679450859.0
2020-01-28,7491.44,7480.69,7410.37,7412.05,530177115.0
2020-01-29,7514.73,7483.57,7462.21,7480.69,524375196.0
2020-01-30,7483.57,7381.96,7357.62,7483.57,684598435.0
2020-01-31,7398.34,7286.01,7275.03,7381.96,714039734.0
2020-02-03,7359.98,7326.31,7285.16,7286.01,645839807.0
2020-02-04,7442.08,7439.82,7326.31,7326.31,696703564.0
2020-02-05,7512.41,7482.48,7408.45,7439.82,818906378.0
2020-02-06,7533.57,7504.79,7482.48,7482.48,673944789.0
2020-02-07,7506.26,7466.7,7441.14,7504.79,705970230.0
2020-02-10,7466.7,7446.88,7427.85,7466.7,597278876.0
2020-02-11,7529.54,7499.44,7446.88,7446.88,697683303.0
2020-02-12,7547.65,7534.37,7499.01,7499.44,573042063.0
2020-02-13,7534.37,7452.03,7406.94,7534.37,820265456.0
2020-02-14,7472.85,7409.13,7403.69,7452.03,629852178.0
2020-02-17,7449.95,7433.25,7409.13,7409.13,394565714.0
2020-02-18,7433.25,7382.01,7353.41,7433.25,786107065.0
2020-02-19,7462.01,7457.02,7382.01,7382.01,602974412.0
2020-02-20,7480.49,7436.64,7436.64,7457.02,779371183.0
2020-02-21,7436.7,7403.92,7370.63,7436.64,872315880.0
2020-02-24,7403.92,7156.83,7114.45,7403.92,1081468863.0
2020-02-25,7198.23,7017.88,7004.94,7156.83,976458699.0
2020-02-26,7044.66,7042.47,6871.85,7017.88,982158224.0
2020-02-27,7042.47,6796.4,6729.99,7042.47,1224812384.0
2020-02-28,6796.4,6580.61,6460.08,6796.4,1978026409.0
2020-03-02,6775.18,6654.89,6496.01,6580.61,1756766340.0
2020-03-03,6846.28,6718.2,6654.89,6654.89,1277185427.0
2020-03-04,6856.27,6815.59,6700.23,6718.2,1115780653.0
2020-03-05,6834.12,6705.43,6662.61,6815.59,1146870405.0
2020-03-06,6705.43,6462.55,6431.44,6705.43,1377949077.0
2020-03-09,6462.55,5965.77,5891.56,6462.55,2098784982.0
2020-03-10,6231.06,5960.23,5927.85,5965.77,1729615732.0
2020-03-11,6088.5,5876.52,5860.75,5960.23,1506328191.0
2020-03-12,5876.52,5237.48,5237.48,5876.52,2209261823.0
2020-03-13,5696.48,5366.11,5237.48,5237.48,1935093208.0
2020-03-16,5366.11,5151.08,4898.79,5366.11,2111559196.0
2020-03-17,5308.95,5294.9,4978.84,5151.08,1940289064.0
2020-03-18,5294.9,5080.58,5006.2,5294.9,1837063266.0
2020-03-19,5181.04,5151.61,4942.37,5080.58,1961679327.0
2020-03-20,5419.3,5190.78,5151.61,5151.61,2585559073.0
2020-03-23,5194.83,4993.89,4922.76,5190.78,1629599223.0
2020-03-24,5446.01,5446.01,4993.89,4993.89,1581339071.0
2020-03-25,5741.42,5688.2,5400.47,5446.01,1857449538.0
2020-03-26,5815.73,5815.73,5503.35,5688.2,1536723421.0
2020-03-27,5815.73,5510.33,5407.06,5815.73,1457206974.0
2020-03-30,5567.2,5563.74,5351.84,5510.33,1132896796.0
2020-03-31,5702.66,5671.96,5545.85,5563.74,1602108435.0
2020-04-01,5671.96,5454.57,5414.72,5671.96,1670362117.0
2020-04-02,5552.36,5480.22,5395.07,5454.57,1554236541.0
2020-04-03,5486.29,5415.5,5396.66,5480.22,1180517397.0
2020-04-06,5590.58,5582.39,5415.5,5415.5,1207950163.0
2020-04-07,5780.21,5704.45,5582.39,5582.39,1563928499.0
2020-04-08,5704.45,5677.73,5589.73,5704.45,1103939008.0
2020-04-09,5842.66,5842.66,5677.68,5677.73,1284455471.0
2020-04-14,5894.71,5791.31,5778.98,5842.66,1056846082.0
2020-04-15,5791.71,5597.65,5576.35,5791.31,1375971287.0
2020-04-16,5657.63,5628.43,5577.78,5597.65,1073687652.0
2020-04-17,5839.33,5786.96,5628.43,5628.43,1198962456.0
2020-04-20,5823.93,5812.83,5707.73,5786.96,822613753.0
2020-04-21,5812.83,5641.03,5641.03,5812.83,888662389.0
2020-04-22,5777.06,5770.63,5641.03,5641.03,866999285.0
2020-04-23,5843.61,5826.61,5735.93,5770.63,882116413.0
2020-04-24,5827.24,5752.23,5728.8,5826.61,807871638.0
2020-04-27,5855.61,5846.79,5752.23,5752.23,792246372.0
2020-04-28,5977.76,5958.5,5835.92,5846.79,1196844198.0
2020-04-29,6129.6,6115.25,5950.83,5958.5,1288097357.0
2020-04-30,6151.58,5901.21,5897.91,6115.25,1933348886.0
2020-05-01,5901.21,5763.06,5746.06,5901.21,781328944.0
2020-05-04,5792.85,5753.78,5702.03,5763.06,1038977205.0
2020-05-05,5869.45,5849.42,5753.78,5753.78,968604283.0
2020-05-06,5897.44,5853.76,5839.57,5849.42,973104424.0
2020-05-07,5941.86,5935.98,5853.6,5853.76,965866256.0
2020-05-11,5999.13,5939.73,5898.32,5935.98,1041393550.0
2020-05-12,6012.98,5994.77,5911.37,5939.73,939767708.0
2020-05-13,5994.77,5904.05,5893.35,5994.77,1055705518.0
2020-05-14,5904.05,5741.54,5661.14,5904.05,1152459858.0
2020-05-15,5837.88,5799.77,5741.54,5741.54,927433328.0
2020-05-18,6058.17,6048.59,5799.61,5799.77,930325199.0
2020-05-19,6111.96,6002.23,5965.1,6048.59,1001311428.0
2020-05-20,6074.46,6067.16,5961.56,6002.23,925383616.0
2020-05-21,6093.74,6015.25,6004.1,6067.16,1014829143.0
2020-05-22,6015.25,5993.28,5888.58,6015.25,985499505.0
2020-05-26,6130.12,6067.76,5993.28,5993.28,1250279132.0
2020-05-27,6167.96,6144.25,6067.76,6067.76,1538293936.0
2020-05-28,6234.04,6218.79,6144.25,6144.25,1210102025.0
2020-05-29,6218.79,6076.6,6060.16,6218.79,2246084049.0
2020-06-01,6179.34,6166.42,6076.6,6076.6,739932220.0
2020-06-02,6238.25,6220.14,6165.05,6166.42,1191890164.0
2020-06-03,6394.7,6382.41,6220.14,6220.14,1232836641.0
2020-06-04,6402.57,6341.44,6314.59,6382.41,1041262489.0
2020-06-05,6489.99,6484.3,6341.44,6341.44,1397628945.0
2020-06-08,6511.84,6472.59,6423.06,6484.3,1297458066.0
2020-06-09,6475.01,6335.72,6325.07,6472.59,1293630134.0
2020-06-10,6387.35,6329.13,6293.83,6335.72,1115769572.0
2020-06-11,6329.13,6076.7,6076.7,6329.13,1117426644.0
2020-06-12,6184.29,6105.18,5993.2,6076.7,1059920668.0
2020-06-15,6105.18,6064.7,5952.44,6105.18,835336696.0
2020-06-16,6299.02,6242.79,6064.7,6064.7,1028926062.0
2020-06-17,6309.74,6253.25,6233.24,6242.79,863307248.0
2020-06-18,6284.96,6224.07,6184.88,6253.25,782893792.0
2020-06-19,6319.81,6292.6,6224.07,6224.07,1682089378.0
2020-06-22,6309.04,6244.62,6225.53,6292.6,793214332.0
2020-06-23,6342.19,6320.12,6244.62,6244.62,685327849.0
2020-06-24,6320.12,6123.69,6123.69,6320.12,768655718.0
2020-06-25,6162.44,6147.14,6029.25,6123.69,770242248.0
2020-06-26,6262.13,6159.3,6147.14,6147.14,698906524.0
2020-06-29,6251.96,6225.77,6122.95,6159.3,720430815.0
2020-06-30,6237.51,6169.74,6146.98,6225.77,827284246.0
2020-07-01,6201.95,6157.96,6084.48,6169.74,724502120.0
2020-07-02,6258.6,6240.36,6157.96,6157.96,806189515.0
2020-07-03,6262.71,6157.3,6137.09,6240.36,504568022.0
2020-07-06,6304.19,6285.94,6157.3,6157.3,696672606.0
2020-07-07,6285.94,6189.9,6179.97,6285.94,600362349.0
2020-07-08,6208.43,6156.16,6144.52,6189.9,625796635.0
2020-07-09,6176.84,6049.62,6040.26,6156.16,670967043.0
2020-07-10,6108.2,6095.41,6003.19,6049.62,684865403.0
2020-07-13,6187.33,6176.19,6095.41,6095.41,603065123.0
2020-07-14,6179.75,6179.75,6093.23,6176.19,717546868.0
2020-07-15,6323.55,6292.65,6179.75,6179.75,747301978.0
2020-07-16,6296.78,6250.69,6227.33,6292.65,521660102.0
2020-07-17,6293.68,6290.3,6230.01,6250.69,687096808.0
2020-07-20,6297.64,6261.52,6222.15,6290.3,494263504.0
2020-07-21,6315.68,6269.73,6253.9,6261.52,753531584.0
2020-07-22,6270.96,6207.1,6197.45,6269.73,745239201.0
2020-07-23,6273.63,6211.44,6202.9,6207.1,605739228.0
2020-07-24,6211.44,6123.82,6099.06,6211.44,679819249.0
2020-07-27,6127.62,6104.88,6086.64,6123.82,704383928.0
2020-07-28,6149.86,6129.26,6083.65,6104.88,612575246.0
2020-07-29,6155.06,6131.46,6116.72,6129.26,718093032.0
2020-07-30,6145.83,5989.99,5924.7,6131.46,1229813414.0
2020-07-31,6046.33,5897.76,5897.76,5989.99,1007598771.0
2020-08-03,6038.76,6032.85,5857.06,5897.76,948540750.0
2020-08-04,6056.47,6036.0,5986.77,6032.85,766666882.0
2020-08-05,6111.5,6104.72,6036.0,6036.0,715558352.0
2020-08-06,6104.72,6026.94,5980.44,6104.72,629086931.0
2020-08-07,6046.02,6032.18,5996.73,6026.94,540972363.0
2020-08-10,6099.48,6050.59,6028.49,6032.18,558064469.0
2020-08-11,6206.0,6154.34,6050.59,6050.59,758790686.0
2020-08-12,6297.2,6280.12,6151.64,6154.34,680847987.0
2020-08-13,6280.12,6185.62,6185.62,6280.12,515765806.0
2020-08-14,6185.62,6090.04,6036.13,6185.62,513442343.0
2020-08-17,6140.19,6127.44,6061.46,6090.04,499807185.0
2020-08-18,6162.66,6076.62,6062.58,6127.44,502242581.0
2020-08-19,6114.83,6111.98,6045.0,6076.62,425040904.0
2020-08-20,6111.98,6013.34,6009.61,6111.98,505170929.0
2020-08-21,6036.51,6001.89,5948.8,6013.34,545211740.0
2020-08-24,6119.8,6104.73,6001.89,6001.89,452719209.0
2020-08-25,6173.48,6037.01,6032.1,6104.73,538992400.0
2020-08-26,6050.81,6045.6,5992.22,6037.01,405657154.0
2020-08-27,6062.52,5999.99,5999.99,6045.6,496426970.0
2020-08-28,6033.04,5963.57,5962.46,5999.99,917308897.0
2020-09-01,5972.52,5862.05,5824.04,5963.57,1041226087.0
2020-09-02,5974.7,5940.95,5862.05,5862.05,670603492.0
2020-09-03,5996.24,5850.86,5838.02,5940.95,698948525.0
2020-09-04,5904.16,5799.08,5778.4,5850.86,672211412.0
2020-09-07,5946.93,5937.4,5798.47,5799.08,542562619.0
2020-09-08,5985.26,5930.3,5868.87,5937.4,740822524.0
2020-09-09,6031.25,6012.84,5923.43,5930.3,670411137.0
2020-09-10,6028.76,6003.32,5950.62,6012.84,602947228.0
2020-09-11,6057.69,6032.09,5992.93,6003.32,532206561.0
2020-09-14,6080.02,6026.25,6011.83,6032.09,599027552.0
2020-09-15,6123.69,6105.54,6026.17,6026.25,682658659.0
2020-09-16,6119.24,6078.48,6057.63,6105.54,712218644.0
2020-09-17,6078.48,6049.92,5998.69,6078.48,614989910.0
2020-09-18,6055.24,6007.05,6006.28,6049.92,1606438949.0
2020-09-21,6007.05,5804.29,5779.24,6007.05,989717692.0
2020-09-22,5871.28,5829.46,5794.54,5804.29,793986587.0
2020-09-23,5974.88,5899.26,5829.46,5829.46,745607125.0
2020-09-24,5899.26,5822.78,5805.28,5899.26,707125675.0
2020-09-25,5843.72,5842.67,5771.49,5822.78,742745791.0
2020-09-28,5954.42,5927.93,5842.67,5842.67,915068376.0
2020-09-29,5927.93,5897.5,5862.93,5927.93,677619842.0
2020-09-30,5931.37,5866.1,5854.46,5897.5,831982501.0
2020-10-01,5925.77,5879.45,5849.82,5866.1,729248782.0
2020-10-02,5902.12,5902.12,5809.61,5879.45,701237485.0
2020-10-05,5974.22,5942.94,5902.12,5902.12,637078639.0
2020-10-06,5971.48,5949.94,5903.4,5942.94,911382960.0
2020-10-07,5977.15,5946.25,5929.16,5949.94,761626151.0
2020-10-08,6004.15,5978.03,5929.41,5946.25,741665915.0
2020-10-09,6040.47,6016.65,5978.03,5978.03,676778971.0
2020-10-12,6037.08,6001.38,5995.11,6016.65,600958082.0
2020-10-13,6008.04,5969.71,5949.97,6001.38,786877788.0
2020-10-14,6009.81,5935.06,5926.49,5969.71,612908468.0
2020-10-15,5935.06,5832.52,5786.2,5935.06,665018739.0
2020-10-16,5933.81,5919.58,5832.52,5832.52,669807164.0
2020-10-19,5959.67,5884.65,5871.95,5919.58,522720722.0
2020-10-20,5915.47,5889.22,5861.81,5884.65,576524929.0
2020-10-21,5903.38,5776.5,5769.62,5889.22,632347429.0
2020-10-22,5796.44,5785.65,5716.4,5776.5,664916305.0
2020-10-23,5885.38,5860.28,5781.78,5785.65,852798016.0
2020-10-26,5868.36,5792.01,5782.37,5860.28,870052147.0
2020-10-27,5806.23,5728.99,5728.18,5792.01,756728839.0
2020-10-28,5728.99,5582.8,5525.52,5728.99,1107558647.0
2020-10-29,5616.58,5581.75,5534.66,5582.8,964959734.0
2020-10-30,5593.4,5577.27,5534.08,5581.75,823613316.0
2020-11-02,5665.3,5654.97,5554.73,5577.27,755064631.0
2020-11-03,5787.61,5786.77,5654.97,5654.97,803790309.0
2020-11-04,5885.67,5883.26,5711.21,5786.77,781517587.0
2020-11-05,5933.05,5906.18,5881.87,5883.26,899998560.0
2020-11-06,5950.22,5910.02,5858.48,5906.18,848478076.0
2020-11-09,6258.31,6186.29,5910.02,5910.02,2067693549.0
2020-11-10,6307.0,6296.85,6180.47,6186.29,1714676549.0
2020-11-11,6397.28,6382.1,6293.21,6296.85,1279397250.0
2020-11-12,6382.1,6338.94,6295.79,6382.1,1014172052.0
2020-11-13,6338.97,6316.39,6280.4,6338.94,960710520.0
2020-11-16,6463.51,6421.29,6316.39,6316.39,1293581127.0
2020-11-17,6424.53,6365.33,6308.99,6421.29,1225248218.0
2020-11-18,6395.91,6385.24,6326.74,6365.33,979740033.0
2020-11-19,6385.24,6334.35,6314.26,6385.24,919874247.0
2020-11-20,6386.7,6351.45,6324.6,6334.35,821112467.0
2020-11-23,6392.08,6333.84,6325.24,6351.45,943541213.0
2020-11-24,6432.42,6432.17,6333.72,6333.84,1301558758.0
2020-11-25,6468.73,6391.09,6375.25,6432.17,1127646134.0
2020-11-26,6412.65,6362.93,6349.53,6391.09,735748635.0
2020-11-27,6375.91,6367.58,6302.22,6362.93,1443584667.0
2020-11-30,6404.02,6266.19,6266.19,6367.58,1355075309.0
2020-12-01,6400.24,6384.73,6263.6,6266.19,839855321.0
2020-12-02,6468.64,6463.39,6367.51,6384.73,936842818.0
2020-12-03,6491.49,6490.27,6430.27,6463.39,943211568.0
2020-12-04,6559.18,6550.23,6489.75,6490.27,1073108587.0
2020-12-07,6601.11,6555.39,6519.82,6550.23,1046025455.0
2020-12-08,6567.59,6558.82,6518.37,6555.39,757853320.0
2020-12-09,6623.03,6564.29,6558.82,6558.82,769125333.0
2020-12-10,6640.74,6599.76,6561.11,6564.29,1109877170.0
2020-12-11,6607.44,6546.75,6520.54,6599.76,1069085700.0
2020-12-14,6583.7,6531.83,6524.7,6546.75,870265354.0
2020-12-15,6558.24,6513.32,6484.04,6531.83,737394673.0
2020-12-16,6598.42,6570.91,6513.32,6513.32,860333715.0
2020-12-17,6601.63,6551.06,6551.06,6570.91,725531995.0
2020-12-18,6604.54,6529.18,6518.25,6551.06,1200510449.0
2020-12-21,6529.18,6416.32,6315.34,6529.18,1105314758.0
2020-12-22,6457.47,6453.16,6382.61,6416.32,613669769.0
2020-12-23,6497.28,6495.75,6431.21,6453.16,781635591.0
2020-12-24,6530.28,6502.11,6479.59,6495.75,477470711.0
2020-12-29,6676.6,6602.65,6502.11,6502.11,823979867.0
2020-12-30,6622.98,6555.82,6552.46,6602.65,425492950.0
2020-12-31,6555.82,6460.52,6439.41,6555.82,316943859.0
2021-01-04,6662.66,6571.88,6460.52,6460.52,957241346.0
2021-01-05,6622.77,6612.25,6544.25,6571.88,718948277.0
2021-01-06,6859.14,6841.86,6611.87,6612.25,1247367293.0
2021-01-07,6903.61,6856.96,6795.11,6841.86,939652583.0
2021-01-08,6886.34,6873.26,6836.08,6856.96,850778461.0
2021-01-11,6873.26,6798.48,6768.72,6873.26,707796393.0
2021-01-12,6816.65,6754.11,6738.21,6798.48,648156714.0
2021-01-13,6772.57,6745.52,6736.01,6754.11,619311675.0
2021-01-14,6801.96,6801.96,6736.78,6745.52,674890672.0
2021-01-15,6802.05,6735.71,6676.55,6801.96,740665595.0
2021-01-18,6741.47,6720.65,6709.33,6735.71,359826900.0
2021-01-19,6770.66,6712.95,6697.67,6720.65,618144743.0
2021-01-20,6751.81,6740.39,6697.46,6712.95,687499561.0
2021-01-21,6776.92,6715.42,6715.42,6740.39,612554363.0
2021-01-22,6715.66,6695.07,6651.71,6715.42,693954871.0
2021-01-25,6714.61,6638.85,6610.26,6695.07,761257197.0
2021-01-26,6702.35,6654.01,6636.34,6638.85,683485934.0
2021-01-27,6661.31,6567.37,6505.84,6654.01,982451056.0
2021-01-28,6567.37,6526.15,6439.55,6567.37,865834410.0
2021-01-29,6526.15,6407.46,6397.24,6526.15,870670486.0
2021-02-01,6495.56,6466.42,6407.46,6407.46,746038080.0
2021-02-02,6523.51,6516.65,6466.42,6466.42,719054184.0
2021-02-03,6573.1,6507.82,6489.51,6516.65,717525248.0
2021-02-04,6553.37,6503.72,6478.15,6507.82,989919930.0
2021-02-05,6518.65,6489.33,6457.6,6503.72,984403348.0
2021-02-08,6567.7,6523.53,6489.33,6489.33,776318536.0
2021-02-09,6540.97,6531.56,6501.02,6523.53,544655338.0
2021-02-10,6577.0,6524.36,6481.02,6531.56,782039624.0
2021-02-11,6554.15,6528.72,6514.92,6524.36,673184668.0
2021-02-12,6589.79,6589.79,6485.13,6528.72,490537733.0
2021-02-15,6775.37,6756.11,6589.79,6589.79,817306529.0
2021-02-16,6799.92,6748.86,6736.85,6756.11,817265254.0
2021-02-17,6760.29,6710.9,6701.59,6748.86,755365420.0
2021-02-18,6721.76,6617.15,6591.43,6710.9,846711821.0
2021-02-19,6646.16,6624.02,6600.59,6617.15,963917369.0
2021-02-22,6624.71,6612.24,6545.93,6624.02,846353058.0
2021-02-23,6675.42,6625.94,6555.88,6612.24,1154637760.0
2021-02-24,6669.86,6658.97,6572.28,6625.94,1141082987.0
2021-02-25,6702.88,6651.96,6644.68,6658.97,852467740.0
2021-02-26,6651.96,6483.43,6465.57,6651.96,1278549868.0
2021-03-01,6612.74,6588.53,6483.43,6483.43,708299881.0
2021-03-02,6660.82,6613.75,6560.91,6588.53,682614262.0
2021-03-03,6705.3,6675.47,6613.75,6613.75,937326617.0
2021-03-04,6675.47,6650.88,6581.19,6675.47,938806960.0
2021-03-05,6710.8,6630.52,6560.79,6650.88,1027477478.0
2021-03-08,6726.4,6719.13,6612.74,6630.52,972755303.0
2021-03-09,6786.8,6730.34,6689.9,6719.13,952946841.0
2021-03-10,6740.77,6725.6,6677.02,6730.34,725796756.0
2021-03-11,6755.32,6736.96,6699.34,6725.6,714706888.0
2021-03-12,6766.44,6761.47,6709.0,6736.96,706134541.0
2021-03-15,6804.91,6749.7,6723.67,6761.47,670767858.0
2021-03-16,6812.78,6803.61,6749.64,6749.7,849476220.0
2021-03-17,6805.73,6762.67,6753.82,6803.61,834821880.0
2021-03-18,6791.76,6779.68,6740.53,6762.67,825204545.0
2021-03-19,6779.68,6708.71,6664.56,6779.68,1816148998.0
2021-03-22,6732.67,6726.1,6650.96,6708.71,752391704.0
2021-03-23,6726.1,6699.19,6664.76,6726.1,860298892.0
2021-03-24,6722.61,6712.89,6649.37,6699.19,928131232.0
2021-03-25,6729.92,6674.83,6618.61,6712.89,768537547.0
2021-03-26,6742.14,6740.59,6674.83,6674.83,742301067.0
2021-03-29,6758.78,6736.17,6705.42,6740.59,624487566.0
2021-03-30,6792.23,6772.12,6729.46,6736.17,664392700.0
2021-03-31,6775.67,6713.63,6713.63,6772.12,854819580.0
2021-04-01,6766.52,6737.3,6713.63,6713.63,592332061.0
2021-04-06,6843.73,6823.55,6737.3,6737.3,773873121.0
2021-04-07,6898.38,6885.32,6823.55,6823.55,708268501.0
2021-04-08,6942.22,6942.22,6884.79,6885.32,788615028.0
2021-04-09,6949.56,6915.75,6906.37,6942.22,615052143.0
2021-04-12,6916.08,6889.12,6853.75,6915.75,639363629.0
2021-04-13,6895.13,6890.49,6859.72,6889.12,572405677.0
2021-04-14,6942.33,6939.58,6880.67,6890.49,596767850.0
2021-04-15,6994.9,6983.5,6939.26,6939.58,651282550.0
2021-04-16,7037.65,7019.53,6983.5,6983.5,742505732.0
2021-04-19,7040.26,7000.08,6979.23,7019.53,529712731.0
2021-04-20,7001.27,6859.87,6857.07,7000.08,825253643.0
2021-04-21,6914.88,6895.29,6859.61,6859.87,659737264.0
2021-04-22,6941.11,6938.24,6889.32,6895.29,647000535.0
2021-04-23,6938.56,6938.56,6891.75,6938.24,535288074.0
2021-04-26,6971.52,6963.12,6913.39,6938.56,511633370.0
2021-04-27,6975.07,6944.97,6929.77,6963.12,657405517.0
2021-04-28,6986.7,6963.67,6944.06,6944.97,990231902.0
2021-04-29,7019.76,6961.48,6953.87,6963.67,657930270.0
2021-04-30,7009.47,6969.81,6946.04,6961.48,831625587.0
2021-05-04,7034.26,6923.17,6912.28,6969.81,911981602.0
2021-05-05,7047.75,7039.3,6923.17,6923.17,734979793.0
2021-05-06,7076.17,7076.17,7026.75,7039.3,764405423.0
2021-05-07,7143.46,7129.71,7076.17,7076.17,624299656.0
2021-05-10,7164.18,7123.68,7104.4,7129.71,742072922.0
2021-05-11,7123.68,6947.99,6912.36,7123.68,931225502.0
2021-05-12,7028.1,7004.63,6945.33,6947.99,743544703.0
2021-05-13,7004.63,6963.33,6823.6,7004.63,660813634.0
2021-05-14,7048.67,7043.61,6963.33,6963.33,845954330.0
2021-05-17,7066.76,7032.85,6989.11,7043.61,582728266.0
2021-05-18,7102.57,7034.24,7030.37,7032.85,736327259.0
2021-05-19,7034.24,6950.2,6897.06,7034.24,729245791.0
2021-05-20,7019.79,7019.79,6926.85,6950.2,626003242.0
2021-05-21,7028.17,7018.05,6973.31,7019.79,803607301.0
2021-05-24,7054.63,7051.59,7013.51,7018.05,422927651.0
2021-05-25,7067.6,7029.79,7029.79,7051.59,619367645.0
2021-05-26,7050.88,7026.93,6998.19,7029.79,619318653.0
2021-05-27,7044.01,7019.67,7008.53,7026.93,1422973490.0
2021-05-28,7054.91,7022.61,7019.58,7019.67,786614377.0
2021-06-01,7118.03,7080.46,7022.61,7022.61,726701528.0
2021-06-02,7122.54,7108.0,7074.06,7080.46,570341472.0
2021-06-03,7108.04,7064.35,7013.85,7108.0,617182919.0
2021-06-04,7071.81,7069.04,7039.74,7064.35,425216001.0
2021-06-07,7098.31,7077.22,7042.19,7069.04,963103882.0
2021-06-08,7120.73,7095.09,7074.94,7077.22,549985065.0
2021-06-09,7095.72,7081.01,7046.02,7095.09,575133686.0
2021-06-10,7117.74,7088.18,7080.02,7081.01,574888085.0
2021-06-11,7140.7,7134.06,7088.18,7088.18,509040582.0
2021-06-14,7188.26,7146.68,7131.79,7134.06,551244179.0
2021-06-15,7189.63,7172.48,7142.71,7146.68,778541204.0
2021-06-16,7217.54,7184.95,7169.21,7172.48,722079530.0
2021-06-17,7184.95,7153.43,7132.96,7184.95,724679858.0
2021-06-18,7154.63,7017.47,7008.74,7153.43,1556308585.0
2021-06-21,7065.05,7062.29,6948.63,7017.47,820495775.0
2021-06-22,7098.67,7090.01,7061.13,7062.29,522524548.0
2021-06-23,7129.4,7074.06,7074.06,7090.01,567367389.0
2021-06-24,7119.41,7109.97,7070.9,7074.06,726332492.0
2021-06-25,7139.08,7136.07,7109.79,7109.97,609038408.0
2021-06-28,7136.22,7072.97,7071.95,7136.07,682531916.0
2021-06-29,7120.77,7087.55,7071.86,7072.97,516405735.0
2021-06-30,7100.71,7037.47,7010.57,7087.55,659194906.0
2021-07-01,7134.21,7125.16,7037.47,7037.47,631273708.0
2021-07-02,7162.16,7123.27,7110.3,7125.16,494810701.0
2021-07-05,7168.03,7164.91,7111.51,7123.27,384449613.0
2021-07-06,7170.6,7100.88,7075.73,7164.91,635763222.0
2021-07-07,7153.68,7151.02,7100.88,7100.88,573299836.0
2021-07-08,7151.02,7030.66,6981.57,7151.02,741080900.0
2021-07-09,7121.88,7121.88,7030.22,7030.66,577541212.0
2021-07-12,7134.87,7125.42,7066.2,7121.88,484702100.0
2021-07-13,7152.44,7124.72,7116.26,7125.42,613836889.0
2021-07-14,7124.72,7091.19,7073.59,7124.72,565377216.0
2021-07-15,7111.77,7012.02,7005.02,7091.19,612974362.0
2021-07-16,7056.73,7008.09,6978.06,7012.02,617556674.0
2021-07-19,7008.09,6844.39,6813.03,7008.09,817237055.0
2021-07-20,6929.89,6881.13,6827.26,6844.39,941993944.0
2021-07-21,7007.75,6998.28,6881.13,6881.13,784895613.0
2021-07-22,7018.95,6968.3,6956.24,6998.28,497511972.0
2021-07-23,7033.27,7027.58,6968.3,6968.3,461681429.0
2021-07-26,7038.65,7025.43,6980.67,7027.58,524700732.0
2021-07-27,7028.37,6996.08,6929.64,7025.43,515483887.0
2021-07-28,7023.35,7016.63,6974.8,6996.08,595315797.0
2021-07-29,7093.93,7078.42,7008.65,7016.63,789491344.0
2021-07-30,7078.42,7032.3,6996.93,7078.42,674951541.0
2021-08-02,7111.66,7081.72,7032.3,7032.3,519677840.0
2021-08-03,7119.19,7105.72,7074.32,7081.72,613947082.0
2021-08-04,7142.54,7123.86,7105.72,7105.72,618704748.0
2021-08-05,7130.35,7120.43,7099.03,7123.86,814802893.0
2021-08-06,7135.39,7122.95,7103.71,7120.43,677358207.0
2021-08-09,7138.8,7132.3,7089.74,7122.95,525136848.0
2021-08-10,7166.67,7161.04,7115.87,7132.3,559143995.0
2021-08-11,7220.14,7220.14,7157.74,7161.04,536436071.0
2021-08-12,7220.7,7193.23,7182.92,7220.14,574940133.0
2021-08-13,7224.46,7218.71,7193.13,7193.23,501179989.0
2021-08-16,7218.71,7153.98,7117.78,7218.71,522255455.0
2021-08-17,7188.55,7181.11,7118.67,7153.98,573595688.0
2021-08-18,7198.79,7169.32,7143.55,7181.11,792002485.0
2021-08-19,7169.32,7058.86,6993.06,7169.32,602764671.0
2021-08-20,7095.61,7087.9,7032.45,7058.86,549551360.0
2021-08-23,7147.8,7109.02,7087.9,7087.9,493195587.0
2021-08-24,7129.66,7125.78,7076.06,7109.02,582751919.0
2021-08-25,7151.75,7150.12,7121.29,7125.78,510475204.0
2021-08-26,7150.12,7124.98,7095.43,7150.12,391705536.0
2021-08-27,7157.6,7148.01,7108.53,7124.98,425083810.0
2021-08-31,7160.49,7119.7,7092.03,7148.01,1002276555.0
2021-09-01,7187.34,7149.84,7119.7,7119.7,522902709.0
2021-09-02,7168.78,7163.9,7129.71,7149.84,536005601.0
2021-09-03,7182.23,7138.35,7123.87,7163.9,499092316.0
2021-09-06,7195.62,7187.18,7138.35,7138.35,300462395.0
2021-09-07,7187.18,7149.37,7147.94,7187.18,466824495.0
2021-09-08,7149.37,7095.53,7061.13,7149.37,567994248.0
2021-09-09,7095.53,7024.21,6998.62,7095.53,695389401.0
2021-09-10,7055.22,7029.2,7014.42,7024.21,492655923.0
2021-09-13,7090.81,7068.43,7029.2,7029.2,545721179.0
2021-09-14,7068.45,7034.06,7020.1,7068.43,677347796.0
2021-09-15,7047.27,7016.49,7016.49,7034.06,772558617.0
2021-09-16,7058.99,7027.48,7016.32,7016.49,667606255.0
2021-09-17,7092.69,6963.64,6941.69,7027.48,1627774486.0
2021-09-20,6963.64,6903.91,6828.28,6963.64,905907973.0
2021-09-21,7004.88,6980.98,6903.91,6903.91,811460885.0
2021-09-22,7090.48,7083.37,6980.98,6980.98,622997498.0
2021-09-23,7131.43,7078.35,7070.68,7083.37,731206367.0
2021-09-24,7080.23,7051.48,7041.34,7078.35,817649700.0
2021-09-27,7122.09,7063.4,7043.21,7051.48,900053683.0
2021-09-28,7071.36,7028.1,7015.58,7063.4,818879555.0
2021-09-29,7117.52,7108.16,7026.85,7028.1,810525032.0
2021-09-30,7159.61,7086.42,7072.57,7108.16,867450409.0
2021-10-01,7086.42,7027.07,6989.64,7086.42,815416977.0
2021-10-04,7072.48,7011.01,7002.72,7027.07,792854819.0
2021-10-05,7084.52,7077.1,7011.01,7011.01,824590970.0
2021-10-06,7077.1,6995.87,6945.5,7077.1,939501043.0
2021-10-07,7094.93,7078.04,6995.87,6995.87,709616086.0
2021-10-08,7109.34,7095.55,7070.53,7078.04,704098850.0
2021-10-11,7146.85,7146.85,7085.85,7095.55,709511719.0
2021-10-12,7146.85,7130.23,7063.43,7146.85,815613613.0
2021-10-13,7152.87,7141.82,7087.93,7130.23,1041234499.0
2021-10-14,7216.15,7207.71,7141.82,7141.82,785955753.0
2021-10-15,7243.85,7234.03,7206.26,7207.71,812233196.0
2021-10-18,7234.03,7203.83,7180.2,7234.03,580835512.0
2021-10-19,7223.29,7217.53,7189.5,7203.83,677316142.0
2021-10-20,7229.26,7223.1,7199.29,7217.53,624836870.0
2021-10-21,7227.06,7190.3,7181.7,7223.1,615501897.0
2021-10-22,7235.19,7204.55,7190.3,7190.3,482745089.0
2021-10-25,7247.53,7222.82,7204.55,7204.55,590620548.0
2021-10-26,7281.17,7277.62,7222.82,7222.82,670406886.0
2021-10-27,7280.45,7253.27,7247.25,7277.62,606503765.0
2021-10-28,7257.85,7249.47,7219.71,7253.27,676362970.0
2021-10-29,7249.47,7237.57,7192.05,7249.47,874746574.0
2021-11-01,7303.39,7288.62,7237.57,7237.57,643729585.0
2021-11-02,7288.62,7274.81,7240.02,7288.62,787960745.0
2021-11-03,7277.64,7248.89,7235.32,7274.81,729024867.0
2021-11-04,7292.96,7279.91,7247.59,7248.89,983126514.0
2021-11-05,7331.25,7303.96,7270.03,7279.91,751636589.0
2021-11-08,7316.54,7300.4,7293.5,7303.96,617444054.0
2021-11-09,7314.13,7274.04,7268.79,7300.4,780375942.0
2021-11-10,7340.15,7340.15,7270.11,7274.04,864169911.0
2021-11-11,7394.41,7384.18,7329.68,7340.15,672658468.0
2021-11-12,7402.68,7347.91,7340.49,7384.18,730840410.0
2021-11-15,7363.48,7351.86,7324.11,7347.91,603832475.0
2021-11-16,7368.25,7326.97,7324.13,7351.86,798261412.0
2021-11-17,7326.97,7291.2,7289.98,7326.97,974730938.0
2021-11-18,7291.26,7255.96,7241.99,7291.2,582171081.0
2021-11-19,7289.51,7223.57,7198.76,7255.96,1143921030.0
2021-11-22,7272.63,7255.46,7207.81,7223.57,638191480.0
2021-11-23,7293.07,7266.69,7204.37,7255.46,624612068.0
2021-11-24,7307.89,7286.32,7245.98,7266.69,610558154.0
2021-11-25,7311.94,7310.37,7286.32,7286.32,472104815.0
2021-11-26,7310.37,7044.03,7042.12,7310.37,1660182826.0
2021-11-29,7161.91,7109.95,7044.03,7044.03,945041861.0
2021-11-30,7109.95,7059.45,6989.66,7109.95,1402246443.0
2021-12-01,7182.01,7168.68,7059.35,7059.45,776699014.0
2021-12-02,7168.68,7129.21,7083.21,7168.68,723059056.0
2021-12-03,7196.05,7122.32,7105.29,7129.21,867111143.0
2021-12-06,7246.25,7232.28,7122.32,7122.32,637274048.0
2021-12-07,7344.69,7339.9,7232.28,7232.28,783615370.0
2021-12-08,7378.92,7337.05,7333.56,7339.9,775604733.0
2021-12-09,7366.1,7321.26,7302.96,7337.05,615185059.0
2021-12-10,7331.58,7291.78,7284.82,7321.26,533839118.0
2021-12-13,7309.23,7231.44,7226.63,7291.78,1173948763.0
2021-12-14,7284.47,7218.64,7218.64,7231.44,662209858.0
2021-12-15,7224.85,7170.75,7166.83,7218.64,720984948.0
2021-12-16,7273.34,7260.61,7170.75,7170.75,1043520316.0
2021-12-17,7286.5,7269.92,7236.17,7260.61,1398732946.0
2021-12-20,7269.92,7198.03,7101.04,7269.92,925051093.0
2021-12-21,7297.41,7297.41,7198.03,7198.03,683669715.0
2021-12-22,7341.66,7341.66,7273.45,7297.41,514766575.0
2021-12-23,7385.42,7373.34,7331.05,7341.66,422352547.0
2021-12-24,7403.65,7372.1,7368.83,7373.34,126005505.0
2021-12-29,7457.14,7420.69,7372.1,7372.1,445967252.0
2021-12-30,7433.39,7403.01,7403.01,7420.69,266402663.0
2021-12-31,7403.01,7384.54,7357.1,7403.01,179343843.0
2022-01-04,7520.79,7505.15,7384.54,7384.54,934175626.0
2022-01-05,7529.97,7516.87,7484.28,7505.15,707511165.0
2022-01-06,7516.87,7450.37,7419.95,7516.87,843728680.0
2022-01-07,7485.28,7485.28,7431.86,7450.37,705190973.0
2022-01-10,7496.12,7445.25,7422.94,7485.28,1046665778.0
2022-01-11,7497.12,7491.37,7445.25,7445.25,725791537.0
2022-01-12,7564.2,7551.72,7491.37,7491.37,872404961.0
2022-01-13,7566.46,7563.85,7530.12,7551.72,776326037.0
2022-01-14,7568.16,7542.95,7523.02,7563.85,790074879.0
2022-01-17,7616.06,7611.23,7542.95,7542.95,791216025.0
2022-01-18,7613.05,7563.55,7531.96,7611.23,953228023.0
2022-01-19,7614.93,7589.66,7525.15,7563.55,864599927.0
2022-01-20,7619.01,7585.01,7549.87,7589.66,777755797.0
2022-01-21,7585.01,7494.13,7450.49,7585.01,818938219.0
2022-01-24,7494.13,7297.15,7283.38,7494.13,1290781192.0
2022-01-25,7382.6,7371.46,7297.15,7297.15,851981668.0
2022-01-26,7525.58,7469.78,7371.46,7371.46,783181036.0
2022-01-27,7596.7,7554.31,7388.8,7469.78,1014547804.0
2022-01-28,7554.31,7466.07,7420.2,7554.31,1528417954.0
2022-01-31,7523.95,7464.37,7450.89,7466.07,760521318.0
2022-02-01,7549.29,7535.78,7463.01,7464.37,746038252.0
2022-02-02,7605.64,7583.0,7535.78,7535.78,719791127.0
2022-02-03,7605.75,7528.84,7528.69,7583.0,911775070.0
2022-02-04,7599.73,7516.4,7497.21,7528.84,883702685.0
2022-02-07,7591.65,7573.47,7508.48,7516.4,1073651033.0
2022-02-08,7631.31,7567.07,7548.19,7573.47,804058541.0
2022-02-09,7657.93,7643.42,7567.07,7567.07,992005311.0
2022-02-10,7687.27,7672.4,7622.74,7643.42,831336179.0
2022-02-11,7672.4,7661.02,7596.11,7672.4,909140797.0
2022-02-14,7661.02,7531.59,7483.36,7661.02,925229543.0
2022-02-15,7608.92,7608.92,7513.16,7531.59,808108156.0
2022-02-16,7630.72,7603.78,7560.94,7608.92,1127310648.0
2022-02-17,7607.24,7537.37,7499.86,7603.78,776929932.0
2022-02-18,7570.56,7513.62,7508.73,7537.37,768986412.0
2022-02-21,7571.07,7484.33,7446.43,7513.62,622636939.0
2022-02-22,7531.32,7494.21,7365.04,7484.33,1018787128.0
2022-02-23,7549.98,7498.18,7490.54,7494.21,862648713.0
2022-02-24,7498.18,7207.38,7204.74,7498.18,1950084109.0
2022-02-25,7497.94,7489.46,7207.38,7207.38,1369867689.0
2022-02-28,7489.46,7458.25,7361.59,7489.46,1583734366.0
2022-03-01,7499.33,7330.2,7327.79,7458.25,1344478317.0
2022-03-02,7462.22,7429.56,7320.77,7330.2,1325588354.0
2022-03-03,7468.83,7238.85,7231.51,7429.56,1226953468.0
2022-03-04,7238.85,6987.14,6980.86,7238.85,1558989400.0
2022-03-07,7030.74,6959.48,6787.98,6987.14,2108483938.0
2022-03-08,7013.51,6964.11,6893.55,6959.48,1443475182.0
2022-03-09,7190.72,7190.72,6964.11,6964.11,1238190492.0
2022-03-10,7192.75,7099.09,7065.96,7190.72,1138950135.0
2022-03-11,7260.4,7155.64,7099.03,7099.09,973200869.0
2022-03-14,7222.87,7193.47,7143.95,7155.64,915518584.0
2022-03-15,7193.47,7175.7,7075.82,7193.47,870283980.0
2022-03-16,7312.23,7291.68,7175.7,7175.7,1910670302.0
2022-03-17,7385.34,7385.34,7260.51,7291.68,1087533075.0
2022-03-18,7406.13,7404.73,7318.9,7385.34,2272998218.0
2022-03-21,7464.95,7442.39,7402.6,7404.73,798497518.0
2022-03-22,7490.46,7476.72,7442.39,7442.39,1025404442.0
2022-03-23,7521.14,7460.63,7459.36,7476.72,857896917.0
2022-03-24,7492.0,7467.38,7453.25,7460.63,701682659.0
2022-03-25,7502.67,7483.35,7441.28,7467.38,866855146.0
2022-03-28,7539.3,7473.14,7471.47,7483.35,763975875.0
2022-03-29,7584.11,7537.25,7473.14,7473.14,1172793857.0
2022-03-30,7578.75,7578.75,7523.82,7537.25,996859280.0
2022-03-31,7595.42,7515.68,7515.68,7578.75,925355883.0
